[
  {
    "id_hex": "007c82ff2d5",
    "obfuscated": "AAHMICPPCNF",
    "name": "CanAddTag"
  },
  {
    "id_hex": "015d906aaa7",
    "obfuscated": "ABFNJAGKKKH",
    "name": "IsEndureFull"
  },
  {
    "id_hex": "016f9e52f19",
    "obfuscated": "ABGPJOFCPBJ",
    "name": "ForeachAction"
  },
  {
    "id_hex": "028d5fe9f87",
    "obfuscated": "ACINFPOJPIH",
    "name": "state"
  },
  {
    "id_hex": "033436dfb6e",
    "obfuscated": "ADDEDGNPLGO",
    "name": "_managerLateTick"
  },
  {
    "id_hex": "0438cb7523b",
    "obfuscated": "AEDIMLHFCDL",
    "name": "get_alias"
  },
  {
    "id_hex": "047405668b4",
    "obfuscated": "AEHEAFGGILE",
    "name": "isChecker"
  },
  {
    "id_hex": "0523296b443",
    "obfuscated": "AFCDCJGLEED",
    "name": "GetEntityCacheDumpInfo"
  },
  {
    "id_hex": "0597e855735",
    "obfuscated": "AFJHOIFFHDF",
    "name": "get_isTickable"
  },
  {
    "id_hex": "0663163a964",
    "obfuscated": "AGGDBGDKJGE",
    "name": "IsInTag"
  },
  {
    "id_hex": "06bccd547d8",
    "obfuscated": "AGLMMNFEHNI",
    "name": "JoypadStateContext"
  },
  {
    "id_hex": "070972d438c",
    "obfuscated": "AHAJHCNEDIM",
    "name": "get_initUniformScale"
  },
  {
    "id_hex": "07fd58e997f",
    "obfuscated": "AHPNFIOJJHP",
    "name": "isTargetType"
  },
  {
    "id_hex": "0872782bd4c",
    "obfuscated": "AIHCHICLNEM",
    "name": "current"
  },
  {
    "id_hex": "09877a7e4a5",
    "obfuscated": "AJIHHKHOEKF",
    "name": "ReportLog"
  },
  {
    "id_hex": "09fbf6e16a8",
    "obfuscated": "AJPLPGOBGKI",
    "name": "VCBase"
  },
  {
    "id_hex": "0b4b193d2f9",
    "obfuscated": "ALELBJDNCPJ",
    "name": "get_isAlive"
  },
  {
    "id_hex": "0cb30bfb254",
    "obfuscated": "AMLDALPLCFE",
    "name": "isFromAnimator"
  },
  {
    "id_hex": "0f5115c2d49",
    "obfuscated": "APFBBFMCNEJ",
    "name": "JoypadStateAction"
  },
  {
    "id_hex": "0f549dda1fd",
    "obfuscated": "APFEJNNKBPN",
    "name": "CheckOuterDir"
  },
  {
    "id_hex": "0f7f10b23b3",
    "obfuscated": "APHPBALCDLD",
    "name": "GetEntityMapDumpInfo"
  },
  {
    "id_hex": "1020aa20bca",
    "obfuscated": "BACAKKCALMK",
    "name": "get_metaTypeID"
  },
  {
    "id_hex": "104cdfab568",
    "obfuscated": "BAEMNPKLFGI",
    "name": "ShouldPropagateAnimatorTickState"
  },
  {
    "id_hex": "10862caec01",
    "obfuscated": "BAIGCMKOMAB",
    "name": "GetSkillCurrentChargesCount"
  },
  {
    "id_hex": "130a07573dc",
    "obfuscated": "BDAKAHFHDNM",
    "name": "get_canTickIfDisable"
  },
  {
    "id_hex": "1495bbb5a92",
    "obfuscated": "BEJFLLLFKJC",
    "name": "BaseEntity"
  },
  {
    "id_hex": "15884399fac",
    "obfuscated": "BFIIEDJJPKM",
    "name": "GetClampedAllDelta"
  },
  {
    "id_hex": "1632e7a9995",
    "obfuscated": "BGDCOHKJJJF",
    "name": "level"
  },
  {
    "id_hex": "166469e56fb",
    "obfuscated": "BGGEGJOFGPL",
    "name": "ReportLuaShellResult"
  },
  {
    "id_hex": "166688ab0a8",
    "obfuscated": "BGGGIIKLAKI",
    "name": "configKeep"
  },
  {
    "id_hex": "17477c25209",
    "obfuscated": "BHEHHMCFCAJ",
    "name": "_isDestroied"
  },
  {
    "id_hex": "1837529ede6",
    "obfuscated": "BIDHFCJONOG",
    "name": "IsValid"
  },
  {
    "id_hex": "184f04d6555",
    "obfuscated": "BIEPAENGFFF",
    "name": "_dialogMono"
  },
  {
    "id_hex": "18bc071cd61",
    "obfuscated": "BILMAHBMNGB",
    "name": "UniqueDataItem"
  },
  {
    "id_hex": "18d0364c876",
    "obfuscated": "BINADGEMIHG",
    "name": "GetDefaultNormalRadius"
  },
  {
    "id_hex": "191a598a0df",
    "obfuscated": "BJBKFJIKANP",
    "name": "NotifyTypes"
  },
  {
    "id_hex": "196c37d15a3",
    "obfuscated": "BJGMDHNBFKD",
    "name": "_enabled"
  },
  {
    "id_hex": "1b412cd5d81",
    "obfuscated": "BLEBCMNFNIB",
    "name": "preTick"
  },
  {
    "id_hex": "1cdcf5d0c43",
    "obfuscated": "BMNMPFNAMED",
    "name": "VCBaseMove"
  },
  {
    "id_hex": "1e4b8de4eb9",
    "obfuscated": "BOELINOEOLJ",
    "name": "tagHash"
  },
  {
    "id_hex": "1e8cfea9c99",
    "obfuscated": "BOIMPOKJMJJ",
    "name": "CheckAnimalDieEnd"
  },
  {
    "id_hex": "1ebb9c65814",
    "obfuscated": "BOLLJMGFIBE",
    "name": "InternalSetInPool"
  },
  {
    "id_hex": "1edcc663a30",
    "obfuscated": "BONMMGGDKDA",
    "name": "inMetaTypeID"
  },
  {
    "id_hex": "1fa23fe3c4a",
    "obfuscated": "BPKCDPODMEK",
    "name": "mainPageCheckDistance"
  },
  {
    "id_hex": "2012077e92e",
    "obfuscated": "CABCAHHOJCO",
    "name": "_changeClimateLen"
  },
  {
    "id_hex": "202c15af582",
    "obfuscated": "CACMBFKPFIC",
    "name": "EntityManager"
  },
  {
    "id_hex": "203ea1403a9",
    "obfuscated": "CADOKBEADKJ",
    "name": "entityTickInterval"
  },
  {
    "id_hex": "20733354665",
    "obfuscated": "CAHDDDFEGGF",
    "name": "zoneHash"
  },
  {
    "id_hex": "21508178c90",
    "obfuscated": "CBFAIBHIMJA",
    "name": "IsCenterValid"
  },
  {
    "id_hex": "21b0533ace6",
    "obfuscated": "CBLAFDDKMOG",
    "name": "GetVisualComponentFromJobThread"
  },
  {
    "id_hex": "23db49ed1f2",
    "obfuscated": "CDNLEJONBPC",
    "name": "BindRedPoints"
  },
  {
    "id_hex": "24cbc7967b5",
    "obfuscated": "CEMLMHJGHLF",
    "name": "ToStringWithConfigID"
  },
  {
    "id_hex": "279e05231d8",
    "obfuscated": "CHJOAFCDBNI",
    "name": "_isSelfOnEventIDsCached"
  },
  {
    "id_hex": "283c83a2901",
    "obfuscated": "CIDMIDKCJAB",
    "name": "InternalDeleteReferenceMask"
  },
  {
    "id_hex": "2929e7db88d",
    "obfuscated": "CJCJOHNLIIN",
    "name": "entityCanBeTickedBalanced"
  },
  {
    "id_hex": "2abec4ea18b",
    "obfuscated": "CKLOMEOKBIL",
    "name": "get_fetterDataInfoId"
  },
  {
    "id_hex": "2ac035a57a6",
    "obfuscated": "CKMADFKFHKG",
    "name": "withFrameIndex"
  },
  {
    "id_hex": "2b51cd74919",
    "obfuscated": "CLFBMNHEJBJ",
    "name": "TryGetIntValue"
  },
  {
    "id_hex": "2d67c841c3e",
    "obfuscated": "CNGHMIEBMDO",
    "name": "ShouldBeTickBalanced"
  },
  {
    "id_hex": "2d9d36e3430",
    "obfuscated": "CNJNDGODEDA",
    "name": "deltaTime"
  },
  {
    "id_hex": "2dffe30b92a",
    "obfuscated": "CNPPODALJCK",
    "name": "CodedOutputStream"
  },
  {
    "id_hex": "2e5e4705540",
    "obfuscated": "COFOEHAFFEA",
    "name": "cmdId"
  },
  {
    "id_hex": "2eb3d407112",
    "obfuscated": "COLDNEAHBBC",
    "name": "_selfHasLateTick"
  },
  {
    "id_hex": "2ec7a90897d",
    "obfuscated": "COMHKJAIJHN",
    "name": "BasePageContexts"
  },
  {
    "id_hex": "2edcb7fe136",
    "obfuscated": "CONMLHPOBDG",
    "name": "GetLogicComponentFromJobThread"
  },
  {
    "id_hex": "2fb41553355",
    "obfuscated": "CPLEBFFDDFF",
    "name": "get_canBeTickedReadonly"
  },
  {
    "id_hex": "2fbed8229eb",
    "obfuscated": "CPLONICCJOL",
    "name": "JoypadSelectIndexResult"
  },
  {
    "id_hex": "3020fdb89b9",
    "obfuscated": "DACAPNLIJLJ",
    "name": "state"
  },
  {
    "id_hex": "302c10b9c59",
    "obfuscated": "DACMBALJMFJ",
    "name": "get_enabled"
  },
  {
    "id_hex": "30ca96c4f4f",
    "obfuscated": "DAMKJGMEPEP",
    "name": "TryGetFloatValue"
  },
  {
    "id_hex": "31421f92006",
    "obfuscated": "DBECBPJCAAG",
    "name": "VCBaseCombat"
  },
  {
    "id_hex": "32adf58ff1d",
    "obfuscated": "DCKNPFIPPBN",
    "name": "SafeFloat"
  },
  {
    "id_hex": "33011794b27",
    "obfuscated": "DDABBHJELCH",
    "name": "data"
  },
  {
    "id_hex": "331840a330b",
    "obfuscated": "DDBIEAKDDAL",
    "name": "joypadState"
  },
  {
    "id_hex": "345d0f36de1",
    "obfuscated": "DEFNAPDGNOB",
    "name": "id"
  },
  {
    "id_hex": "35ef7dd94ce",
    "obfuscated": "DFOPHNNJEMO",
    "name": "order"
  },
  {
    "id_hex": "365e918c6c5",
    "obfuscated": "DGFOJBIMGMF",
    "name": "BasePageContext"
  },
  {
    "id_hex": "36a955ac0e0",
    "obfuscated": "DGKJFFKMAOA",
    "name": "NeedTransByServer"
  },
  {
    "id_hex": "38095a36bbc",
    "obfuscated": "DIAJFKDGLLM",
    "name": "TryTriggerAttackTag"
  },
  {
    "id_hex": "38baa438851",
    "obfuscated": "DILKKEDIIFB",
    "name": "isInited"
  },
  {
    "id_hex": "38f8e063da6",
    "obfuscated": "DIPIOAGDNKG",
    "name": "sceneTime_"
  },
  {
    "id_hex": "393d22af9c8",
    "obfuscated": "DJDNCCKPJMI",
    "name": "hasTick"
  },
  {
    "id_hex": "39fd2e7f180",
    "obfuscated": "DJPNCOHPBIA",
    "name": "_tickIntervalRatio"
  },
  {
    "id_hex": "3a9b68dbe71",
    "obfuscated": "DKJLGINLOHB",
    "name": "IsToBeRemove"
  },
  {
    "id_hex": "3ac224bcab2",
    "obfuscated": "DKMCCELMKLC",
    "name": "GetLoadingTask"
  },
  {
    "id_hex": "3bf698a74af",
    "obfuscated": "DLPGJIKHEKP",
    "name": "EventID"
  },
  {
    "id_hex": "3d453b9041c",
    "obfuscated": "DNEFDLJAEBM",
    "name": "DataItem"
  },
  {
    "id_hex": "3e14c807a8b",
    "obfuscated": "DOBEMIAHKIL",
    "name": "OnAvatarDead"
  },
  {
    "id_hex": "3f5f4509b02",
    "obfuscated": "DPFPEFAJLAC",
    "name": "CalculateSize"
  },
  {
    "id_hex": "3fb206a8ff3",
    "obfuscated": "DPLCAGKIPPD",
    "name": "MergeFrom"
  },
  {
    "id_hex": "3fb7f31eed3",
    "obfuscated": "DPLHPDBOOND",
    "name": "GetMainCameraEntity"
  },
  {
    "id_hex": "401317408cb",
    "obfuscated": "EABDBHEAIML",
    "name": "cityName"
  },
  {
    "id_hex": "416d5521080",
    "obfuscated": "EBGNFFCBAIA",
    "name": "MapManager"
  },
  {
    "id_hex": "42a296f0566",
    "obfuscated": "ECKCJGPAFGG",
    "name": "selectResult"
  },
  {
    "id_hex": "43145fef953",
    "obfuscated": "EDBEFPOPJFD",
    "name": "JoypadDispatchMode"
  },
  {
    "id_hex": "432fbc5d7f6",
    "obfuscated": "EDCPLMFNHPG",
    "name": "LoadingManager"
  },
  {
    "id_hex": "433e70bbcb3",
    "obfuscated": "EDDOHALLMLD",
    "name": "ShouldForceRemoveEntityByFrame"
  },
  {
    "id_hex": "434c1c95fec",
    "obfuscated": "EDEMBMJFPOM",
    "name": "AvatarDataItem"
  },
  {
    "id_hex": "440ad639102",
    "obfuscated": "EEAKNGDJBAC",
    "name": "evt"
  },
  {
    "id_hex": "44216045068",
    "obfuscated": "EECBGAEFAGI",
    "name": "INotifyInterface"
  },
  {
    "id_hex": "448c746fb04",
    "obfuscated": "EEIMHEGPLAE",
    "name": "LCAvatarCombat"
  },
  {
    "id_hex": "44cc80e848c",
    "obfuscated": "EEMMIAOIEIM",
    "name": "get_lastTickTime"
  },
  {
    "id_hex": "459c9a9d0f3",
    "obfuscated": "EFJMJKJNAPD",
    "name": "Reset"
  },
  {
    "id_hex": "45e75713da8",
    "obfuscated": "EFOHFHBDNKI",
    "name": "newVal"
  },
  {
    "id_hex": "462aea4c248",
    "obfuscated": "EGCKOKEMCEI",
    "name": "GetCurrentSkillCD"
  },
  {
    "id_hex": "473ab1598a1",
    "obfuscated": "EHDKLBFJIKB",
    "name": "needRetarget"
  },
  {
    "id_hex": "47b941b6d68",
    "obfuscated": "EHLJEBLGNGI",
    "name": "JoypadEntityReadyEvent"
  },
  {
    "id_hex": "47fab91b9ff",
    "obfuscated": "EHPKLJBLJPP",
    "name": "IsAvatarAllReady"
  },
  {
    "id_hex": "491047e93cc",
    "obfuscated": "EJBAEHOJDMM",
    "name": "InternalGetLogicComponent"
  },
  {
    "id_hex": "492a167f844",
    "obfuscated": "EJCKBGHPIEE",
    "name": "OnSkillStart"
  },
  {
    "id_hex": "4932fb56983",
    "obfuscated": "EJDCPLFGJID",
    "name": "BaseContext"
  },
  {
    "id_hex": "4ac7c3279ed",
    "obfuscated": "EKMHMDCHJON",
    "name": "get_shouldUseTickFunction"
  },
  {
    "id_hex": "4b464ba752a",
    "obfuscated": "ELEGELKHFCK",
    "name": "WriteTo"
  },
  {
    "id_hex": "4c1c3342df3",
    "obfuscated": "EMBMDDECNPD",
    "name": "_lastSkirtPos"
  },
  {
    "id_hex": "4c52396a1ab",
    "obfuscated": "EMFCDJGKBKL",
    "name": "get_balanceTickDeltaTime"
  },
  {
    "id_hex": "4d0356f954e",
    "obfuscated": "ENADFGPJFEO",
    "name": "JoypadActionContext"
  },
  {
    "id_hex": "4d203ae7298",
    "obfuscated": "ENCADKOHCJI",
    "name": "MotionInfo"
  },
  {
    "id_hex": "4f4a4673b14",
    "obfuscated": "EPEKEGHDLBE",
    "name": "metaTypeID"
  },
  {
    "id_hex": "504345a4b01",
    "obfuscated": "FAEDEFKELAB",
    "name": "GetLogicComponent"
  },
  {
    "id_hex": "510c6a9e3c0",
    "obfuscated": "FBAMGKJODMA",
    "name": "TryGetUIntValue"
  },
  {
    "id_hex": "5183f454598",
    "obfuscated": "FBIDPEFEFJI",
    "name": "param2"
  },
  {
    "id_hex": "51a41338b4c",
    "obfuscated": "FBKEBDDILEM",
    "name": "_hasEnabledInited"
  },
  {
    "id_hex": "51b084d0cfb",
    "obfuscated": "FBLAIENAMPL",
    "name": "_lastIdealSkirtBlendParam"
  },
  {
    "id_hex": "51e630bb1ae",
    "obfuscated": "FBOGDALLBKO",
    "name": "GetEntityTokenBudgetScale"
  },
  {
    "id_hex": "51f67d12c71",
    "obfuscated": "FBPGHNBCMHB",
    "name": "avatarConfigId"
  },
  {
    "id_hex": "5267289e371",
    "obfuscated": "FCGHCIJODHB",
    "name": "JoypadEntityContext"
  },
  {
    "id_hex": "53024890bdb",
    "obfuscated": "FDACEIJALNL",
    "name": "get_managerTick"
  },
  {
    "id_hex": "596b55cff9d",
    "obfuscated": "FJGLFFMPPJN",
    "name": "IsCurAttackTarget"
  },
  {
    "id_hex": "59bee6f5427",
    "obfuscated": "FJLOOGPFECH",
    "name": "cdMultipler"
  },
  {
    "id_hex": "5ad810399c4",
    "obfuscated": "FKNIBADJJME",
    "name": "GetAnimatorFloat"
  },
  {
    "id_hex": "5b5e4e911b4",
    "obfuscated": "FLFOEOJBBLE",
    "name": "HasAnyTickPlugin"
  },
  {
    "id_hex": "5c2e5ea8e1b",
    "obfuscated": "FMCOFOKIOBL",
    "name": "TalkDialogContext"
  },
  {
    "id_hex": "5c70e0630e7",
    "obfuscated": "FMHAOAGDAOH",
    "name": "JoypadState"
  },
  {
    "id_hex": "5cbd57cc450",
    "obfuscated": "FMLNFHMMEFA",
    "name": "get_canBeDestroied"
  },
  {
    "id_hex": "5de0a150ec4",
    "obfuscated": "FNOAKBFAOME",
    "name": "CanDoSkill"
  },
  {
    "id_hex": "5eb1f164983",
    "obfuscated": "FOLBPBGEJID",
    "name": "LoadingTask"
  },
  {
    "id_hex": "5ec5b25759b",
    "obfuscated": "FOMFLCFHFJL",
    "name": "get_curLimitRegionPath"
  },
  {
    "id_hex": "62da4e25ce0",
    "obfuscated": "GCNKEOCFMOA",
    "name": "IsOwnerValid"
  },
  {
    "id_hex": "63bde473578",
    "obfuscated": "GDLNOEHDFHI",
    "name": "OnShareCDSkillStart"
  },
  {
    "id_hex": "63ea71e52c1",
    "obfuscated": "GDOKHBOFCMB",
    "name": "IMessage"
  },
  {
    "id_hex": "65ae9c0b2c0",
    "obfuscated": "GFKOJMALCMA",
    "name": "enabled"
  },
  {
    "id_hex": "668242792a1",
    "obfuscated": "GGICECHJCKB",
    "name": "canTickIfDie"
  },
  {
    "id_hex": "66bc112fd5b",
    "obfuscated": "GGLMBBCPNFL",
    "name": "transform"
  },
  {
    "id_hex": "6723b8d8d64",
    "obfuscated": "GHCDLININGE",
    "name": "_lastSkirtBlendParam"
  },
  {
    "id_hex": "67338ac17c5",
    "obfuscated": "GHDDIKMBHMF",
    "name": "GetCityAreaCombineName"
  },
  {
    "id_hex": "67f0319986c",
    "obfuscated": "GHPADBJJIGM",
    "name": "CheckInitPos"
  },
  {
    "id_hex": "6a30caccd5a",
    "obfuscated": "GKDAMKMMNFK",
    "name": "item"
  },
  {
    "id_hex": "6cbe4f0b1e6",
    "obfuscated": "GMLOEPALBOG",
    "name": "BaseComponentPlugin"
  },
  {
    "id_hex": "6cf7871b657",
    "obfuscated": "GMPHIHBLGFH",
    "name": "get_canBeTickedReadonly"
  },
  {
    "obfuscated": "GNDNGCOMDFN",
    "name": "RepeatedPrimitiveField",
    "id_hex": "6d3d62ec35d"
  },
  {
    "id_hex": "6d411bf7f61",
    "obfuscated": "GNEBBLPHPGB",
    "name": "NeedRemoveEntity"
  },
  {
    "id_hex": "70e6883d3a2",
    "obfuscated": "HAOGIIDNDKC",
    "name": "get_attackModeTriggerID"
  },
  {
    "id_hex": "71078db6d44",
    "obfuscated": "HBAHINLGNEE",
    "name": "LuaShellManager"
  },
  {
    "id_hex": "712f796a300",
    "obfuscated": "HBCPHJGKDAA",
    "name": "GetRemoteTeamEntityFromAuthorityId"
  },
  {
    "id_hex": "715fb575749",
    "obfuscated": "HBFPLFHFHEJ",
    "name": "half"
  },
  {
    "id_hex": "72c807f8d0a",
    "obfuscated": "HCMIAHPINAK",
    "name": "_lastTickInterval"
  },
  {
    "id_hex": "7385d1c448b",
    "obfuscated": "HDIFNBMEEIL",
    "name": "get_showSelctOptionsDelay"
  },
  {
    "id_hex": "755e6cce498",
    "obfuscated": "HFFOGMMOEJI",
    "name": "get_LoadStateName"
  },
  {
    "id_hex": "757d6bfb55a",
    "obfuscated": "HFHNGLPLFFK",
    "name": "_managerTick"
  },
  {
    "id_hex": "75d3d87d2b7",
    "obfuscated": "HFNDNIHNCLH",
    "name": "InZone"
  },
  {
    "id_hex": "76df3232972",
    "obfuscated": "HGNPDCDCJHC",
    "name": "IHCKCPHHNBJ"
  },
  {
    "id_hex": "784701e754c",
    "obfuscated": "HIEHABOHFEM",
    "name": "oldCostumeId"
  },
  {
    "id_hex": "7a9640aad1b",
    "obfuscated": "HKJGEAKKNBL",
    "name": "HasJoypadController"
  },
  {
    "id_hex": "7be20ead2b2",
    "obfuscated": "HLOCAOKNCLC",
    "name": "runtimeID"
  },
  {
    "id_hex": "7d016573949",
    "obfuscated": "HNABGFHDJEJ",
    "name": "hasLateTick"
  },
  {
    "id_hex": "7e23e830877",
    "obfuscated": "HOCDOIDAIHH",
    "name": "PhotographCheckHelper"
  },
  {
    "id_hex": "7e86fe252ad",
    "obfuscated": "HOIGPOCFCKN",
    "name": "MessageBase"
  },
  {
    "id_hex": "7ed12530948",
    "obfuscated": "HONBCFDAJEI",
    "name": "OnMapClicked"
  },
  {
    "id_hex": "7f0f9f9cb94",
    "obfuscated": "HPAPJPJMLJE",
    "name": "get_listenEventValid"
  },
  {
    "id_hex": "7f59988a9c7",
    "obfuscated": "HPFJJIIKJMH",
    "name": "RepeatedMessageField"
  },
  {
    "id_hex": "800012865cf",
    "obfuscated": "IAAABCIGFMP",
    "name": "InternalAddReferenceMask"
  },
  {
    "id_hex": "805fba71b20",
    "obfuscated": "IAFPLKHBLCA",
    "name": "WatcherTriggerType"
  },
  {
    "id_hex": "83efe547f87",
    "obfuscated": "IDOPOFEHPIH",
    "name": "JoypadSelectNode"
  },
  {
    "id_hex": "84ebe6af6cc",
    "obfuscated": "IEOLOGKPGMM",
    "name": "idRawNum"
  },
  {
    "id_hex": "85e6409b941",
    "obfuscated": "IFOGEAJLJEB",
    "name": "HandleSelection"
  },
  {
    "id_hex": "89fd1e86fe4",
    "obfuscated": "IJPNBOIGPOE",
    "name": "get_taskNumInQueue"
  },
  {
    "id_hex": "8a3c49fdcfc",
    "obfuscated": "IKDMEJPNMPM",
    "name": "GetPluginSupportBase"
  },
  {
    "id_hex": "8ab3178a82a",
    "obfuscated": "IKLDBHIKICK",
    "name": "cityID"
  },
  {
    "id_hex": "8c2d7ba9dee",
    "obfuscated": "IMCNHLKJNOO",
    "name": "GetJoypadStateId"
  },
  {
    "id_hex": "8d1c4e60222",
    "obfuscated": "INBMEOGACCC",
    "name": "entityRuntimeID"
  },
  {
    "id_hex": "8e7ce1820f7",
    "obfuscated": "IOHMOBICAPH",
    "name": "Level2SectorSize"
  },
  {
    "id_hex": "8ed80cd7d86",
    "obfuscated": "IONIAMNHNIG",
    "name": "CheckNeedSetActive"
  },
  {
    "id_hex": "91216e3473e",
    "obfuscated": "JBCBGODEHDO",
    "name": "_killerID"
  },
  {
    "id_hex": "91526cca337",
    "obfuscated": "JBFCGMMKDDH",
    "name": "ConfigVector"
  },
  {
    "id_hex": "9164e218491",
    "obfuscated": "JBGEOCBIEJB",
    "name": "canHandleEventIfDie"
  },
  {
    "id_hex": "920e32db44e",
    "obfuscated": "JCAODCNLEEO",
    "name": "RemoveCombatEntity"
  },
  {
    "id_hex": "93354f12be9",
    "obfuscated": "JDDFEPBCLOJ",
    "name": "value"
  },
  {
    "id_hex": "93fc5126ed4",
    "obfuscated": "JDPMFBCGONE",
    "name": "GetTrialAvatarReplaceCostumeId"
  },
  {
    "id_hex": "946b1c07429",
    "obfuscated": "JEGLBMAHECJ",
    "name": "dungeonId"
  },
  {
    "id_hex": "95e8856f35b",
    "obfuscated": "JFOIIFGPDFL",
    "name": "joypadState"
  },
  {
    "id_hex": "99038df9ab0",
    "obfuscated": "JJADINPJKLA",
    "name": "GetDispatchMode"
  },
  {
    "id_hex": "990d930250f",
    "obfuscated": "JJANJDACFAP",
    "name": "input"
  },
  {
    "id_hex": "9b05cc2bee0",
    "obfuscated": "JLAFMMCLOOA",
    "name": "MapAreaChangeNotify"
  },
  {
    "id_hex": "9b3bb299cb4",
    "obfuscated": "JLDLLCJJMLE",
    "name": "PlayerJumpPos"
  },
  {
    "id_hex": "9bd60a1b8d0",
    "obfuscated": "JLNGAKBLINA",
    "name": "GetVisualComponent"
  },
  {
    "id_hex": "9c5158b1d0b",
    "obfuscated": "JMFBFILBNAL",
    "name": "GetSkillMaxChargesCount"
  },
  {
    "id_hex": "9e68af6c192",
    "obfuscated": "JOGIKPGMBJC",
    "name": "get_metaTypeID"
  },
  {
    "id_hex": "a09829ec4f3",
    "obfuscated": "KAJICJOMEPD",
    "name": "get_listenEventValid"
  },
  {
    "id_hex": "a11b976cdb9",
    "obfuscated": "KBBLJHGMNLJ",
    "name": "HumanoidMoveFSM"
  },
  {
    "id_hex": "a33f313566e",
    "obfuscated": "KDDPDBDFGGO",
    "name": "InternalRecycleInThread"
  },
  {
    "id_hex": "a3404fdaa80",
    "obfuscated": "KDEAEPNKKIA",
    "name": "GetGroundDist"
  },
  {
    "id_hex": "a477d712b77",
    "obfuscated": "KEHHNHBCLHH",
    "name": "Level2LoadSize"
  },
  {
    "id_hex": "a4895228d8b",
    "obfuscated": "KEIJFCCINIL",
    "name": "RefreshFightScore"
  },
  {
    "id_hex": "a4fcfcf3184",
    "obfuscated": "KEPMPMPDBIE",
    "name": "GetSkillCDRatio"
  },
  {
    "id_hex": "a5dd26552c3",
    "obfuscated": "KFNNCGFFCMD",
    "name": "tag"
  },
  {
    "id_hex": "a99f95d8ffe",
    "obfuscated": "KJJPJFNIPPO",
    "name": "notifyType"
  },
  {
    "id_hex": "ab717583266",
    "obfuscated": "KLHBHFIDCGG",
    "name": "BaseComponent"
  },
  {
    "id_hex": "abcd09a662a",
    "obfuscated": "KLMNAJKGGCK",
    "name": "get_bUseOverrideCamera"
  },
  {
    "id_hex": "acb2f891cf7",
    "obfuscated": "KMLCPIJBMPH",
    "name": "CodedInputStream"
  },
  {
    "id_hex": "ad77589e5cd",
    "obfuscated": "KNHHFIJOFMN",
    "name": "ContextSync"
  },
  {
    "id_hex": "af3b23604e7",
    "obfuscated": "KPDLCDGAEOH",
    "name": "BeforeRecycleInThread"
  },
  {
    "id_hex": "afd99c9d736",
    "obfuscated": "KPNJJMJNHDG",
    "name": "BaseMoveSyncPlugin"
  },
  {
    "id_hex": "afefa3de85a",
    "obfuscated": "KPOPKDNOIFK",
    "name": "UIManager"
  },
  {
    "id_hex": "b0d3d73d49b",
    "obfuscated": "LANDNHDNEJL",
    "name": "GetMasteryAddDelta"
  },
  {
    "id_hex": "b106ebfd426",
    "obfuscated": "LBAGOLPNECG",
    "name": "AvatarEntity"
  },
  {
    "id_hex": "b1763261555",
    "obfuscated": "LBHGDCGBFFF",
    "name": "shareCDType"
  },
  {
    "id_hex": "b1f1a937a0f",
    "obfuscated": "LBPBKJDHKAP",
    "name": "skillID"
  },
  {
    "id_hex": "b20ae78b415",
    "obfuscated": "LCAKOHILEBF",
    "name": "OnDialogSelectItem"
  },
  {
    "id_hex": "b24336d5c9b",
    "obfuscated": "LCEDDGNFMJL",
    "name": "propKey"
  },
  {
    "id_hex": "b296f7ce49c",
    "obfuscated": "LCJGPHMOEJM",
    "name": "_isSelfOnEventResolvedIDsCached"
  },
  {
    "id_hex": "b2f6df04b54",
    "obfuscated": "LCPGNPAELFE",
    "name": "GetUIModulePriority"
  },
  {
    "id_hex": "b65c3447ef9",
    "obfuscated": "LGFMDEEHOPJ",
    "name": "IsMD5Match"
  },
  {
    "id_hex": "b705fca2e6c",
    "obfuscated": "LHAFPMKCOGM",
    "name": "FieldCodec"
  },
  {
    "id_hex": "b7c38f0800a",
    "obfuscated": "LHMDIPAIAAK",
    "name": "LCBaseCombat"
  },
  {
    "id_hex": "ba3194f7148",
    "obfuscated": "LKDBJEPHBEI",
    "name": "attackTag"
  },
  {
    "id_hex": "bacf8766787",
    "obfuscated": "LKMPIHGGHIH",
    "name": "lateTickDeltaTime"
  },
  {
    "id_hex": "bae46e5adaa",
    "obfuscated": "LKOEGOFKNKK",
    "name": "get_rigidbodyFreezeCount"
  },
  {
    "id_hex": "bbb2443f689",
    "obfuscated": "LLLCEEDPGIJ",
    "name": "TryGetStringValue"
  },
  {
    "id_hex": "bbf6f0a8208",
    "obfuscated": "LLPGPAKICAI",
    "name": "authorityPeerId"
  },
  {
    "id_hex": "bc1441025e5",
    "obfuscated": "LMBEEBACFOF",
    "name": "param1"
  },
  {
    "id_hex": "bc3489e9cd0",
    "obfuscated": "LMDEIJOJMNA",
    "name": "HandleMapTagCityID"
  },
  {
    "id_hex": "bc60187d365",
    "obfuscated": "LMGABIHNDGF",
    "name": "_pageMono"
  },
  {
    "id_hex": "bd34f7eeeaf",
    "obfuscated": "LNDEPHOOOKP",
    "name": "allDelta"
  },
  {
    "id_hex": "bd4bad71e55",
    "obfuscated": "LNELKNHBOFF",
    "name": "Reset"
  },
  {
    "id_hex": "bdcfe063998",
    "obfuscated": "LNMPOAGDJJI",
    "name": "getAvatarRealName"
  },
  {
    "id_hex": "bdda8e0b886",
    "obfuscated": "LNNKIOALIIG",
    "name": "Dump"
  },
  {
    "id_hex": "c01a54b2d8e",
    "obfuscated": "MABKFELCNIO",
    "name": "areaName"
  },
  {
    "id_hex": "c02aab9f660",
    "obfuscated": "MACKKLJPGGA",
    "name": "groupId"
  },
  {
    "id_hex": "c0de6b51d0a",
    "obfuscated": "MANOGLFBNAK",
    "name": "get_TimeScale"
  },
  {
    "id_hex": "c239d743b24",
    "obfuscated": "MCDJNHEDLCE",
    "name": "GetAnimatorInt"
  },
  {
    "id_hex": "c3fd6473b96",
    "obfuscated": "MDPNGEHDLJG",
    "name": "selectContext"
  },
  {
    "id_hex": "c4bad40a622",
    "obfuscated": "MELKNEAKGCC",
    "name": "Level2LoadHeight"
  },
  {
    "id_hex": "c5c392bed53",
    "obfuscated": "MFMDJCLONFD",
    "name": "InLevelCutScenePageContext"
  },
  {
    "id_hex": "c8e2145c927",
    "obfuscated": "MIOCBEFMJCH",
    "name": "MarkIconType"
  },
  {
    "id_hex": "cadb1dd9d3d",
    "obfuscated": "MKNLBNNJNDN",
    "name": "InternalGetVisualComponent"
  },
  {
    "id_hex": "cb3d57ec1d4",
    "obfuscated": "MLDNFHOMBNE",
    "name": "evt"
  },
  {
    "id_hex": "cb7710b414c",
    "obfuscated": "MLHHBALEBEM",
    "name": "IsTickableForEntityTickManager"
  },
  {
    "id_hex": "ccd5aa46490",
    "obfuscated": "MMNFKKEGEJA",
    "name": "DumpLogicComponent"
  },
  {
    "id_hex": "cd0f45992b9",
    "obfuscated": "MNAPEFJJCLJ",
    "name": "get_stateID"
  },
  {
    "id_hex": "cd7a82f3375",
    "obfuscated": "MNHKICPDDHF",
    "name": "stateForceEnable"
  },
  {
    "id_hex": "cecb4fea8c0",
    "obfuscated": "MOMLEPOKIMA",
    "name": "get_categoryType"
  },
  {
    "id_hex": "cffa0b01466",
    "obfuscated": "MPPKALABEGG",
    "name": "SECTR_World"
  },
  {
    "obfuscated": "NADNFJFEMNI",
    "name": "FieldCodec",
    "id_hex": "d03d5954cd8"
  },
  {
    "id_hex": "d09576f0a6c",
    "obfuscated": "NAJFHGPAKGM",
    "name": "other"
  },
  {
    "id_hex": "d0bc8cc7beb",
    "obfuscated": "NALMIMMHLOL",
    "name": "name"
  },
  {
    "id_hex": "d0eabeae773",
    "obfuscated": "NAOKLOKOHHD",
    "name": "OpenStateType"
  },
  {
    "id_hex": "d2294d5d84f",
    "obfuscated": "NCCJENFNIEP",
    "name": "curVal"
  },
  {
    "id_hex": "d24b3d90a74",
    "obfuscated": "NCELDNJAKHE",
    "name": "notify"
  },
  {
    "id_hex": "d260994f6d9",
    "obfuscated": "NCGAJJEPGNJ",
    "name": "Clone"
  },
  {
    "id_hex": "d279f7e29b9",
    "obfuscated": "NCHJPHOCJLJ",
    "name": "JSONNode"
  },
  {
    "id_hex": "d281470f6ae",
    "obfuscated": "NCIBEHAPGKO",
    "name": "IsActive"
  },
  {
    "id_hex": "d3ae8d87edf",
    "obfuscated": "NDKOINIHONP",
    "name": "get_isInCombat"
  },
  {
    "id_hex": "d8765a7207f",
    "obfuscated": "NIHGFKHCAHP",
    "name": "KeepPosWhenEnter"
  },
  {
    "id_hex": "d89dc2d7ac0",
    "obfuscated": "NIJNMCNHKMA",
    "name": "_selfHasTick"
  },
  {
    "id_hex": "d8efd6b7900",
    "obfuscated": "NIOPNGLHJAA",
    "name": "DumpVisualComponent"
  },
  {
    "id_hex": "d9333cb34dc",
    "obfuscated": "NJDDDMLDENM",
    "name": "mastery"
  },
  {
    "id_hex": "da39de959a9",
    "obfuscated": "NKDJNOJFJKJ",
    "name": "LCBase"
  },
  {
    "id_hex": "da4b8a78e3b",
    "obfuscated": "NKELIKHIODL",
    "name": "IDeepCloneable"
  },
  {
    "id_hex": "da4d5645545",
    "obfuscated": "NKENFGEFFEF",
    "name": "GetSkillExtraLevel"
  },
  {
    "id_hex": "dd5d08f59b2",
    "obfuscated": "NNFNAIPFJLC",
    "name": "ElementTypeExt"
  },
  {
    "id_hex": "e031235dcd1",
    "obfuscated": "OADBCDFNMNB",
    "name": "hasCallEntityReady"
  },
  {
    "id_hex": "e305b0c5038",
    "obfuscated": "ODAFLAMFADI",
    "name": "isPreInited"
  },
  {
    "id_hex": "e3083b853cc",
    "obfuscated": "ODAIDLIFDMM",
    "name": "index"
  },
  {
    "id_hex": "e30eaa8d83f",
    "obfuscated": "ODAOKKINIDP",
    "name": "get_metaTypeID"
  },
  {
    "id_hex": "e3924e83ea3",
    "obfuscated": "ODJCEOIDOKD",
    "name": "lockPoint"
  },
  {
    "id_hex": "e3d625cd7ef",
    "obfuscated": "ODNGCFMNHOP",
    "name": "CreateActionContext"
  },
  {
    "id_hex": "e3f7ca8376f",
    "obfuscated": "ODPHMKIDHGP",
    "name": "IsDestroied"
  },
  {
    "id_hex": "e45188667ae",
    "obfuscated": "OEFBIIGGHKO",
    "name": "get_entityId"
  },
  {
    "id_hex": "e4b89cc23ce",
    "obfuscated": "OELIJMMCDMO",
    "name": "GetGravityScale"
  },
  {
    "id_hex": "e4f58306798",
    "obfuscated": "OEPFIDAGHJI",
    "name": "GadgetEntity"
  },
  {
    "id_hex": "e597273e96b",
    "obfuscated": "OFJHCHDOJGL",
    "name": "GetLocalAvatarEntity"
  },
  {
    "id_hex": "e688ecc36d5",
    "obfuscated": "OGIIOMMDGNF",
    "name": "get_isForceFullTick"
  },
  {
    "id_hex": "e79a3952e60",
    "obfuscated": "OHJKDJFCOGA",
    "name": "_idealSkirtPos"
  },
  {
    "id_hex": "e8a12fc3bea",
    "obfuscated": "OIKBCPMDLOK",
    "name": "get_cost"
  },
  {
    "id_hex": "e8c1cc20e62",
    "obfuscated": "OIMBMMCAOGC",
    "name": "ShouldDisableRootMotionTickWhenPause"
  },
  {
    "id_hex": "e91c3ed6f2a",
    "obfuscated": "OJBMDONGPCK",
    "name": "GetEntityTicklistDumpInfo"
  },
  {
    "id_hex": "e96b26e9d32",
    "obfuscated": "OJGLCGOJNDC",
    "name": "InLevelMusicPage"
  },
  {
    "id_hex": "e989e917179",
    "obfuscated": "OJIJOJBHBHJ",
    "name": "get_bIgnoreIntervalTick"
  },
  {
    "id_hex": "ed91982f264",
    "obfuscated": "ONJBJICPCGE",
    "name": "CameraEntity"
  },
  {
    "id_hex": "ee6474d759f",
    "obfuscated": "OOGEHENHFJP",
    "name": "JoypadActionEvent"
  },
  {
    "id_hex": "eeb875b6b38",
    "obfuscated": "OOLIHFLGLDI",
    "name": "_isSelfListenEventIDsCached"
  },
  {
    "id_hex": "efef47a1752",
    "obfuscated": "OPOPEHKBHFC",
    "name": "componentRuntimeID"
  },
  {
    "id_hex": "f07e8675c6a",
    "obfuscated": "PAHOIGHFMGK",
    "name": "_canTickIfDisable"
  },
  {
    "id_hex": "f0c2acbec33",
    "obfuscated": "PAMCKMLOMDD",
    "name": "hasNewInitSyncTask"
  },
  {
    "id_hex": "f0fdf9efd18",
    "obfuscated": "PAPNPJOPNBI",
    "name": "GetPlugin"
  },
  {
    "id_hex": "f28567dfac3",
    "obfuscated": "PCIFGHNPKMD",
    "name": "get_latestMoveTaskTime"
  },
  {
    "id_hex": "f3a862207f3",
    "obfuscated": "PDKIGCCAHPD",
    "name": "InLevelMapPageContext"
  },
  {
    "id_hex": "f6770f3d313",
    "obfuscated": "PGHHAPDNDBD",
    "name": "CmdId"
  },
  {
    "id_hex": "f717a9f525e",
    "obfuscated": "PHBHKJPFCFO",
    "name": "_isToBeRemoved"
  },
  {
    "id_hex": "f94dd5b870e",
    "obfuscated": "PJENNFLIHAO",
    "name": "CombatProperty"
  },
  {
    "id_hex": "fb7b98d262d",
    "obfuscated": "PLHLJINCGCN",
    "name": "output"
  },
  {
    "id_hex": "fdb523b4d9a",
    "obfuscated": "PNLFCDLENJK",
    "name": "HasAnyLateTickPlugin"
  },
  {
    "id_hex": "fee566076aa",
    "obfuscated": "POOFGGAHGKK",
    "name": "CharacterEntity"
  },
  {
    "id_hex": "b01b6f48f3e",
    "obfuscated": "LABLGPEIPDO",
    "name": "NavigatePipeline"
  },
  {
    "id_hex": "2833e60e37f",
    "obfuscated": "CIDDOGAODHP",
    "name": "LRUProxy"
  },
  {
    "id_hex": "ff1caf5dd63",
    "obfuscated": "PPBMKPFNNGD",
    "name": "MovingProxy"
  },
  {
    "id_hex": "132c9738f28",
    "obfuscated": "BDCMJHDIPCI",
    "name": "FootprintZoneOverride"
  },
  {
    "id_hex": "fd7e3d327e5",
    "obfuscated": "PNHODNDCHOF",
    "name": "LcTimer"
  },
  {
    "id_hex": "0aa0a4ee942",
    "obfuscated": "AKKAKEOOJEC",
    "name": "JoypadSelectionGraph"
  },
  {
    "id_hex": "43ea15e3e62",
    "obfuscated": "EDOKBFODOGC",
    "name": "JoypadSelectionEvent"
  },
  {
    "id_hex": "317afd7151b",
    "obfuscated": "DBHKPNHBFBL",
    "name": "IJoypadSelectionNode"
  }
]